caption,hasil
tidak pandai membuat caption,D
ada kalanya jatuh untuk bangun ada kalanya kalah untuk menang ada kalanya sakit untuk sembuh ada kalanya diuji untuk memperkuat keimanan intinya dimana kita berpijak harus selalu ingat pada allah swt janganlah terlalu senang akan sesuatu dan lupa bahwa yang maha kuasa selalu bersama kita prau mdpl,D
jilbab square pollycotton warna rosepink,C
berkunjunglah ke pantai yang menyenangkan dengan senja tenggelam tetapi jika anda pergi ke gunung anda akan menikmati ketenangan bayangan atas angin,C
cara yang tepat saat ini untuk mencintai mu adalah berdoa karna dengan berdoa lah aku bisa mengungkapkan semua rasa ini,S
hati adalah air aku lantas menyimpulkan baru mengalir dari tempat yang tinggi ke tempat yang rendah ada gravitasi yang secara alamiah mengiringinya dan jika peristiwa jatuh hati diumpamakan air terjun maka bersamamu aku sudah merasakan terjun jumpalitan lompat indah berkalikali dewi lestari,I
jangan lupa bahagiakan kedua orang tua pulanglah dan buatlah mereka tertawa sebagaimana kamu telah membuat mereka menangis perintahkan kepada manusia suapaya berbuat baik kepada dua orang ibu bapaknya allah dan janganlah kamu mempersekutukannya dengan sesuatupun dan berbuat baiklah kepada dua orang ibubapa,C
jika kamu ingin melihat jiwa pemberani lihatlah mereka yang bisa memaafkan jika kamu ingin melihat jiwa kepahlawanan lihatlah mereka yang bisa membalas kebencian dengan kasih sayang mahatmagandhi,I
semesta kadang memang suka bercanda mendatangkan rasa dengan tibatiba meninggalkan asa tanpa abaaba mdpl,S
terlalu sering disalahkan kambing hitam demo tuntut pergantian warna bulu ganti warna apa ya,S
garebeg mulud merupakan salah satu rangkaian acara dari sekaten untuk memperingati hari kelahiran maulid nabi muhammad saw tujuh buah gunungan dibagikan ke tiga tempat yang berbeda salah satunya di masjid gedhe kauman gunungan di masjid gedhe kauman ini bernama pawuhan gunungan sendiri menyimbolkan sedekah dan kemakmuran dari raja yang dibagikan kepada rakyatnya,C
,S
ngemil bubuk extra jos,I
selasa,I
setapak,C
,S
,S
,S
,S
,S
,S
,S
frontliner batch service excellence for frontliners complying level,D
,S
naris ya,I
,S
,S
,S
,S
,S
,S
,S
,S
,S
,S
,S
,S
,S
tanpa usaha itu siasia usaha tanpa doa itu sombong,D
light of aceh sehari menjadi orang aceh anw kangen banget ayam tangkapnya mua,I
semoga cepat pulih agar kita bisa kembali bersua,C
baik aja ada yang gak suka apalagi berbuat jahat kalo mikirin apa yang dipikirkan orang lain selamanya gak bakal happy jadilah baik tanpa banyak khawatir,S
,S
,S
,S
jangan lupa ke artjog ya,D
bonita sonrisa,S
kebahagiaan itu dimulai dari diri lo sendiri dimulai dari berdamai dan mencari kedamaian dengan diri lo sendiri bahagia emang sederhana lo bisa cari dimanapun tanpa harus menggantungkan kebahagiaan itu ke orang lain dan kebahagiaan menurut gue adalah disaat gue pake ventela tapi duduk di tengah ga suruh minggiran duduknya tapi gimanapun hidup lo apa yang terjadi dalam hidup lo apapun yang datang dan apapun yang pergi dalam hidup lo jangan pernah lupa buat bahagia jadi apa lo udah cukup merasa bahagia,I
ekonomi syariah,I
qta,C
,S
versi gue ga bisa nari apalagi make up bisanya kaya gini oiya filter ini buat x story ya karna detik gimana udah cocok belom bisa kali next project jadi modelnya coba pake filter gue ya pas bagian akhir harus berubah mukanya mau jelek kek mau gimana terserah tapi kalo yang udah jelek kaya gue dari awal sampe akhir ga ada bedanya ga masalah,C
,S
,S
doloe,C
,S
,S
,S
training competitive selling for teller region vi jawa batch,I
,S
,S
asik nih kapan kapan lagi ya para pengikut sans,C
tahun bersama mereka yang dari awal cuma main main jadi gak main main hahaha skensa band skensacoustic,I
tahun yang lalu,I
asik nih kapan kapan lagi ya para pengikut sans,C
september,D
juli akad nikah rama detty,I
desember gerbang awal menuju keberkahan aamiin,C
aa shakeel berjemur tadi pagi,C
abaikan muka capek kami yang foto selfi selalu ngeblur dan ketika nggak ngeblur ekspresinya begini,C
abandon people is not you help them leaving is hurt,I
abang yang seumuran sekali ketemu langsung jalan,I
abstract face,C
abstract face,C
acara pagi gebrak gotong royong desa cendana,I
acara yang dinantikan setiap tahunnya,C
ada boboho mo berenang,D
ada di mana air ini bakal tenang,C
ada gedung di balik gedung,I
ada kalanya naik keatas dan melihat kebawah untuk menyadarkan betapa kecilnya kita dihadapan alam semesta,C
ada yang harus reda namanya ego ada yang harus mengalir namanya kebaikan ada yg harus luas namanya hati ada yg harus dalam namanya pikiran masgun selamat pagi selamat beraktifitas,C
ada yg tau ga pulau di sermo ilang kemana,D
adek lelah bang muter kagak karu an huekhuek,C
adem gaes,C
air mengalir dari puncakpuncak gunung kebijaksanaan mengalir dari puncakpuncak karakter yang indah,I
akan aku gandeng trus sampai syurga,S
akhir perjalanan,I
akhirnya keaampean makan bareng adek tercinta mari makan,I
akhirnya waktupun dapat mempertrmukan kita kembali di masamasa semester tua ini meski ada kuliah tapi hasrat dan jadwal kuliah yg kian menipis sampai mengurangi intensitas bertemu pula ada yg jadi juragan susu wanita karir pengejar fanatik toga dan lain sebagainya,C
akibat idul adha gak dapat daging gini nih,C
aksi twins dilebaran ini mohon maff lahir batin ya salam twins,I
aku bukan bu tejo,I
aku bukanlah seseorang yang baik allah menyayangiku sehingga aibaibku tertutupi,D
aku cuma rindu itu saja,C
aku dan kau menghitung hari menuju kua,I
aku emoh wisuda,S
aku melihat keranjang ecommerce mama gak di checkoutcheckout,C
aku menoleh bukan karna aku ingat ingat masa lalu tpi aku cuma mau liat seberapa kuat nya kamu selalu begitu terus sampai akhir nya aku menatap kedepan tanpa kamu di sisiku,C
aku tak akan meksamu kembali biar saja rindu yg membawamu kesini,C
aku tidak pernah meminta orangtua yang sempurna karena mereka sudah terlalu sempurna untukku tanpa mereka akulah siapa aku bukan siapasiapa aku tidak pernah menyesal dilahirkannya diantara mereka semoga selalu dalam lindungan allah swt tetap sehat ya pak buk sampai aku bisa menjadi kebanggaan keluarga selamat bermalam minggu pak buk aku merindu,C
alas jati gluntung lor,D
alhamdulillah,S
alhamdulillah tahun,I
alhamdulillah akhirnya kapal kebeli buat oleh lebaran emak,S
alhamdulillah ketrima sekolah sistem zonasi jalur orang dalem degdegan ketemu kakak kelas nih,I
alhamdulillah masih rame smp smk,C
alhamdulillah satu tahun pertama kita sah jadi suami istri susah senang sedih bahagia marah canda tawa yg telah kita lewati belum ada apa apanya dibandingkan apa yang akan terjadi nanti kedepannya masyaallah tabarakallah allah telah mempercayakan amanah kepada kita seorang anak perempuan yang sholehah aamiin semoga kita bisa menjalankan amanah ini dg menjadi orang tua yg penuh kasih sayang menjadi yg terbaik untuk anak anak kita aamiin ya allah terima kasih atas semuanya kami mohon lindungilah keluarga kami berilah keluarga kami rezeki yg halal dan barakah bimbinglah kami selalu berada dijalan yg engkau ridhoi dan jadikanlah keluarga kami keluarga yg sakinah mawadah warahmah aamiin,C
alhamdulillah uas selesai pray for yudisium <,C
alhamdulillah ya allah haturnuhun,D
alhamdulillah juara lomba shalat berjama ah masbuk dalam rangka gebyar maulid tingkat smk sekota palangkaraya semoga kedepannya lebih baik lagi,D
alhamdulillah maaf yang di upload masih foto sendiri yang rame rame nyusul bro,I
alhamdulillahirobbil alamin puji syukur hanya kuserahkan padamu terimakasih yang telah menyupport dan memberikan do a untuk kita bismillahirrohmanirrohim siap meniti masa depan semoga mendapat keridhoanmu beda kota beda univ beda prodi yang penting kita tetep sahabat tetep mengikat silaturahmi sayang kalian,S
alhamdullilah bertemanan hari yg begitu berkesan berbagi prngalaman berbagi ilmu bertambah persaudaraan semoga pengalaman dan ilmu yy telah kita dapatkan bisa berguna utnuk semuanya amiin silahturami ini akan terjaga selamanya,C
alhamdullilah bisa piknik sebentar bareng keluarga,C
alhamdullilah twins dah ngaji semoga menjadi anak yg sholeha pinter dan berbakti serta patuh kepada ortu dan semua saudara amiin,C
alhamdullilah trims buat semunya,I
alhamdullilah masih bs berkumpul dengan canggah sehat selalu ya,D
alhmdulillah sah icirpe,D
allah never sleeps or gets tired you should tell your issues to him and have peace and know you put them in good hands,D
allah tau kamu kuat makan nya cobaan nya berat,C
alloh created beautiful things,I
alumni ix,S
am sori bro ngeblur,I
ampe dibantuin emon ngoding,S
anak kecil maenya timezone g pernah ngerasain yg namanya friendzone,D
anak pertama itu beban hidupnya berat,I
anak tertua dapat merawat dan menjaga adikadiknya ketika orangtua membutuhkan bantuan si sulung terbiasa menghabiskan sebagian besar hidupnya untuk menemani adikadiknya yang mungkin mencarinya untuk kenyamanan atau yang membutuhkan perlindungan,I
anak tetangga sebelah,I
anda di sini hanya untuk persinggahan yang singkat,I
andai waktu bisa diulang ada banyak hal yang ingin aku perbaiki andai sayangnya waktu tak pernah bisa kembali yang tersisa hanyalah kekecewaan atas apa yang telah gagal dilewatin dengan baik,C
apa cerita,I
apa gunanya mata dan hati jika kita menilai seseorang hanya menggunakan telinga,C
apa menu sarapanmu hari ini songolikur,I
apa yang anda rasakan jika di sidang seperti ini hmhmhmhm tetapi di balik semua ini ada hasil yang memuaskan by,C
apa yang paling di senangiiiii,S
ariel tatum,I
arigatou gozaimasu,S
arogan,I
ashiap masih wa pantau dari sini hmm mm mmm masih auto singing,S
asikin aja ya kan yg penting goyang,I
asiknya ngeteh di daerah pegunungan,C
asli enak gue gak bohong renyah manis,I
aslinya mah nyampe tapi pake jinjit segala heran deh wkwkwkkw,C
assalamu aaikum hey tementemen gimana nih masih # kan yuk tementemen kita buang rasa jenuh dan bosen ketika belajar dengan cara kita sendiri #,I
assalamu alaikum,I
assalamualaikum mas jinnya ada,D
assalamualaikum warahmatullahi wabarakaatuh untuk adikadik murid baru smk ma arif terpadu cicalengka saya beserta temanteman anggota ekskul futsal smart mengajak adikadik untuk bergabung di ekskul kami kami tunggu di smart futsal smart futsal bisa bisa bisa contact wa person smart futsal hendi setyawan ihsan mubarokun smart angel annisa sritanti tria novianti tonton juga di youtube channel smk ma arif terpadu cicalengka,D
awal dan akhir adalah sebuah ilusi seperti halnya memotret pandangan kita menangkap bahwa itu dekat tidak dengan kamera tapi kamera bisa membantu melihat ujung cerita meski memerlukan tambahan,C
awali pagimu dengan sarapan jangan harapan nanti cepat lapar hehe,S
awali pagimu dg senyuman,D
awalnya pas kuliah pada pura enggak tau gitu kalo ada yang ulang tahun pulang kuliah maul wa minta tolong anter cod an pembeli di dixie ntar malem maul bisnis jilbab lho di ya gaes ignya jam setengah maul nyampe rumah dadakan pinjem baju kemeja putih buat syukuran wisuda temennya udah aku iyain cus otw dixie nyampe sana ehh lihat iqbal turun tangga habis dinner sama pacarnya terus naik ke atas nyari mbak ora ketemu ketemunya riris tifa pepi bingung dan lihat sekeliling kaget dan seneng banget kalian udah nyiapin semuanyaaa nyiapin dekorasi baju bisa samaan warnanya kalian bener super sekali nyiapinnya acting nya jugaa bener dibuat terkejut malam tadi dapet surprise dari kalian makasih ya gaess sukses surprise nya makasih juga buat doanyaaa sukses ke depannya buat kita semua,C
awarding tebas,D
ayam ayam ayam,I
bab i saya merangkum beberapa subab saja yg saya rasa mudah dirangkum silahkan jika mau diskusi usaha agar account ini bermanfaat,I
bagaimana kau mengatasi rasa sepi rasa sepi tidak ku atasi ia aku temani kami bersahabat,C
bahagia itu sederhana karena bahagia itu bukan keadaan bahagia itu keputusan bahagia itu pilihan untuk apa terus bersedih kalau bahagia itu lebih indah,I
bahagia itu sederhana ketika kita mampu beradaptasi dengan orang baru bertukar cerita dan saling berbagi ilmu v,D
bahagia itu sederhana ketika seorang ayah bisa membuat anaknya tertawa lebarr,I
bahagia itu sederhana,D
bahagia tapi pusing,S
bahagiaku saat ini karena dia sosok yg sebelumnya tak pernah kuduga untuk datang apalagi tinggal alhamdulillah kita sampai ke tahap ini thankssyg engagement maret,I
baik sendiri daripada bersama dengan orang yang salah,C
bajak,D
balapan atau lari kecil indrayanti gunung kidul informatika,S
balon dalam cething,C
bammastro,S
bangga pernah berseragam dan menjadi bagian keluarga besar smkn bawang banjarnegara the logo jan membanggakan bangga bien dadi sekolah tetangga wkwkwk adik adik berbakat nek cwe tak kasih from siswa smk asal banjarnegara ciptakan aplikasi pilkada karya multimedia smkn bawang aja kelalen nek upload foto di has,C
bangkok international trade exhibition centre,I
bantuk yang belum sempirna its okey namanya juga proses,S
banyak buku dari penulis yang berbeda semua menjadi inspirasi dan membuka pemikiran kita akan banyak hal sering tidak kita tidak sadar kita menjalani hidup ini seperti menulis buku yang akan kita baca di kemudian hari apa yang mau kamu tulis tiap harinya biarlah menjadi berkat dan inspirasi untuk orang lain selamat malam,C
banyak orang takut akan ketinggian tapi bukan saya saya takut akan kelebaran mua,C
banyak orang yang nanya apasih enaknya naik gunung apasih enaknya tidur diketinggian jawabannya cobain aja sendiri nanti akan tau gimana rasanya dijamin ke ihan deh,C
banyak yang bertanya,C
bar di sebul mumbull atiku ojo tok abulabul taken suamikk,S
barang om pasar malam dan gos ibat,I
barangkali ada dosadosa kita yg tidak bisa dihapuskan dengan sholat kita puasa kita sedekah kita yg ternyata hanya bisa dihapuskan dengan keikhlasan dan kesabaran kita menghadapi ujian innallaha ma ana suatu pagi di kejauhan sindoro sumbing,C
batir koplak,C
baunya kyak durian kyknya ini benar durian dah jgn diliat terus ntar ngiler,S
be aku harap kita akan selalu akan tetap begini ya be sampai anak kita udah pada gede dan aku gak sabar liat kita jadi bumil bareng gimana,C
be so happy that when other look at you become happy too,S
bebas lepas,C
before after,S
bekerja ibadah puasa ibadah puasa dan tetap bekerja semoga berkah,C
bela negara juga dilakukan oleh calon guru pro,D
belajar menjadi tenang karna emosi pernah membuat saya kehilangan banyak hal,C
belum bisa move on dari indahnya pemandangan gunung kembar,C
bener banget pilih teman jgn yg bikin ilfil baik di depan di belakang menusuk,I
bener itu,D
berangkat sekolah eh libur lagi hehe d,C
berani meminta maaf walaupun cewe ga pernah salah,I
berasa punya kakak wanita lagi kalo sama teh kakak yg selalu sebar dengerin maunya aku keluhan aku dengerin ocehan aku jawab setiap pertanyaan aku bermula dari aku yg di wo in sama terus di dampingi nya sama teh terus mulai dari fitting make up in aku pas prewed nemenin prewed yg super capek pas puasa dan panas nemenin pas siraman siraman ada juga teh sama teh dan finally pas nikahan aku memang itu udah tanggung jawab nya sebagai wo tapi lebih dari itu selalu ngerasa deket bgt sama teh miss u so much ttehku yg super cantik makasih yah selalu ada dalam salah satu moment terpeting di hidup aku dan,C
berbah punya,I
berdiri di atas awan melihat indahnya sunrise,C
bergaya yang nggak berfaedah,D
berjalanlah jangan berlari sebab hidup adalah tentang perjalanan bukan pelarian,C
berjuang tanpa batas,C
berkarya lagi hadia buat koordinator broadcast monggo yg mau order bisa pm,I
bersengkongkol dengan alam menjamu hati yang kerap gelisah perkara apaapa kok pengen segera di checkoutin,I
bertemu mendungnya sendu dengan orang yg dirundung rindu,C
berubahlah menjadi lebih baik karena allah bukan karena manusia,S
besok senin looooooo,C
besok senin,C
betulll ituu,S
biar feednya gak dipenuhi sama laba laba sesekali upload lah foto selasa wage oktober,I
biar kaya mahasiswa,I
biar mama papa larang tetep tak gas,C
biar rame berkarya lagi,C
biarkan senja yg berkata,C
biasa day,I
big family grandfather muntari,I
bila kau terus pandangi langit tinggi di angkasa tak kan ada habisnya segala hasrat di dunia,C
bilangin ortumu aku siap jadi mantunya difoto,S
bingung kasih hadiah buat kesayangan kasi yang beda aja ini nih vexel yang wajahnya dibuat versi kartun d bisa dicetak dibingkai sesuai selera anda dibuat baju kaos juga bisa order wpap juga boleh lo yang berminat bisa pm atau hubungi to mas darmawan untuk orderannya ditunggu orderan selanjutnya gan,C
bismillah penguat untuk mengawali apapun yaa bismillah bismillah bismillah,C
bismillah yakin pasti kesembadan,I
bismillah tinggal menghitung mundur menuju hari yang ditentukan,C
bismillahirrahmaanirrahim assalamualaikum warahmatullahi wabarakatuh tanpa mengurangi rasa hormat izinkan kami mengundang temanteman dan sahabat untuk hadir dan memberikan doa restu pada acara pernikahan kami hari selasa rabu tanggal februari tempat linggasari bakung rt kec kembaran kab banyumas merupakan suatu kehormatan dan kebahagiaan bagi kami apabila saudara berkenan hadir di acara pernikahan kami wassalamualaikum warahmatullahi wabarakatuh fiqoh dika photo art,I
bissmillahirrahmaanirrahiim assalamu alaikum hai tementemen saya intan nurfatimah siap keluar dari zona nyaman dengan menghadapi tantangan olimpiade biologi di lakukan sesuatu hari ini yang akan membuat diri anda di masa depan berterima kasih anonim yuk tementemen juga ikutan batasan untuk meraih mimpi kita adalah keraguraguan kita akan hari ini marilah kita maju dengan keyakinan yang aktif dan kuat franklin roosevelt,I
blurrrrrr,S
bocah edan,S
bodi cem labu alaska,I
bola bali kesini tapi tetep bisa bikin meringis,I
boleh berhenti boleh d tuntun tapi gak boleh menyerah,S
bonekaku lg galau,S
bossan,S
bromo yg tersisa,I
bromo di pagi hari alhamdulllah,D
brownies bikin sendiri,C
buah pohon jati oleh oleh kecil dari gunung kidul oleh oleh besarnya adalah cerita dan doa dari simbah tercinta cepat cembuh simbah,I
bukan berlalu pergi dan meninggalkan segalanya cerita perjalanan akan tetap teringat karena di depan kita bisa belajar dari yang di belakang naik turun lurus berliku tebing jurang panas dingin gelap terang suka duka bahagia kecewa tangis dan tawa selalu ada dalam perjalanan ini lanjutkan melangkah ke depan karena kita punya teman sejati dan pegangan yg kuat yang selalu menemani dalam situasi apapun maha penyayang maha segalanya engkau,C
bukan masalah keberuntungan atau takdir semua adalah rencana allah yang sempurna taken,S
bukan menyoal kenangan cuma sebatas pojok sudirman,C
bukan motor komunitas bukan motor ajang kontes cuma motor harian biar kliatan beda tapi nyatanya sama,C
bukan puncak yang kau taklukkan melainkan ego diri kalian sendiri untuk mencapai puncak songolikur,I
bukan sekedar keluarga biasa if januari,I
bukber ank mia angkatan ke x sma ne panyabungan,S
buryam,D
bw + noise,D
cahaya berasal dari langit biru lah apa sih ngacoo,C
candi sujiwo di kalasan bagus bgt rapii bersih indah pokoknya,S
candid,C
cantik nya ponakan gua satu ini,C
car free day,S
cara menjaga imun tubuh dikondisi saat ini kalo haus minum kalo laper makan kalo ngantuk tidur kalo capek istirahat kalo kangen bilang woy jangan di pendem sakitttt v,C
cekrek upload,I
ceria terus ya deek,S
cerita di balik layar,C
cewek gg bakal ngerti rasanya bahagia di lapangan,I
challenge accepted fildza jangan di ntar kena juga,C
check list serandang gi senipah,I
cie batikan,D
cieeee yg lagi pada mengenang masa lalu dan kangen kangenan,C
cinta adalah sabar orang orang yang sabar akan mendapatkan cinta yang istimewa,I
cinta kubawa naik rindu kubawa turun sampahnya juga dibawa turun ya gaes jangan rindunya doang karna gunung bukan tempat sampah puncak argopiloso,C
cintailah hobi mu dengan sepenuh hati,C
cintakuu,S
ckup hnya ambil gambar saja tak lebih ckup tinggalkan jejak saja tak buat letih ckup bunuh waktu saja tak perih,C
coba bikin versi sythesizer last goal party wild and free # still working,S
coba sebutkan salah satu hal yang membuatmu bahagia berada di stasiun dan merasakan banyak pertemuan maupun perpisahan,I
cogan santuy,C
coretan dilantai gara gara insom,S
cuci muka cuci kaki tangan sebelum tidur,C
cucuk syantiknya mbah nuryareja,I
cukup jalannya aja yang nikung orangnya gausah lah ya semoga,S
cukup rasakan adakah aku di hatimu,D
cuma bisa berdoa dan berusaha aja dri jauh semoga kalian cepat datang,I
cuma duduk diam,C
cuma sekedar mlipir tapi berkesan,I
cuss ngejamu,S
cuuuma kamuuuuu saaayangku di duniiia iniii aseloleeee,D
dalam hening sepi kurindu,C
dan akhirnya setelah window shopping sama adek,C
dan ternyata sangat jauh,C
dan yg paling muda bilang if you are not challenging yourself you are not challenge it,I
dari bentuk yang ga jelas ini fungsinyaaaa garnish layaknya make up,I
dari foto ini saya belajar bahwa obat kuat sangatlah penting,C
dari ratusan foto yg ada kupilih kau untuk di posting kenapa yups semenjak menangkap kepiting ini ku belajar sesuatu ketika ku gengam terlalu erat dia mencapit dan itu sakit ketika ku buka dia terjatuh dan lepas dan ketika tidak terlalu erat dan tidak terlalu terbuka dia diam dan bisa kunikmati kecantikannya intinya seperti itu ku menjaga perasaan mu tidak akan terlalu erat karena jelas itu akan menyakiti kedua belah pihak tidak terlalu longgar karena semua akan kehilangan melainkan yg agak longgar yg tidak menyakiti semua piha dan tidak longgar sehingga ttap bisa melindungi meninggalkanjejak piknikk jmc,C
dari sekian banyak cinta cuma cinta allah yg tdk pernah mengecewakan selamat idul adha,C
das was mich am meisten vermissen l xe sst ist wenn wir k xe mpfen,D
dedek mau berangkat sekolah dulu v via candi cetho,D
derita jomblo gak ada yg diajak main apalagi ngajak main alhasil mantengin hp sampe abis quota gb,S
desember punya cerita,I
detik detik terakhir liburan,C
di kereta yang segerbong isinya paling orang sesuatu banget dideketin sama ara namanya y o yang langsung mau di pangku diajak main,S
di tengah wabah covid muncul satu fenomena sosial yang berpotensi memperparah situasi yakni stigma sosial atau asosiasi negatif terhadap seseorang atau sekelompok orang yang mengalami gejala atau menyandang penyakit tertentu mereka diberikan label stereotip didiskriminasi diperlakukan berbeda dan atau mengalami pelecehan status karena terasosiasi dengan sebuah penyakit perasaan bingung cemas dan takut yang kita rasakan dapat dipahami tapi bukan berarti kita boleh berprasangka buruk pada penderita perawat keluarga ataupun mereka yang tidak sakit tapi memiliki gejala yang mirip dengan covid jika terus terpelihara di masyarakat stigma sosial dapat membuat orangorang menyembunyikan sakitnya supaya tidak didiskriminasi mencegah mereka mencari bantuan kesehatan dengan segera dan membuat mereka tidak menjalankan perilaku hidup yang sehat sumber https kawalcovid id content mencegahdanmenanganistigmasosialseputarcovid hal tersebut memberikan gagasan bagi kami ber empat membuat colaborasi jarak jauh marsya kamilia nova aji saka nur a dan i gede astika untuk menciptakan lagu yang berjudul stigma lawan corona untuk mengikuti lomba yang diadakan oleh mengacu pada keprihatinan kami atas banyaknya kasus penolakan jenazah pengucilan keluarga yang terdampak covid belum tentu mereka positif perebutan jenazah secara paksa oleh keluarga pasien covid kami membuat lagu yang berisikan ajakan bagi kita semua dimulai dari yang paling kecil diri kita sendiri untuk menyadari bahwa semua orang dapat terkena virus ini dan saling menjaga di lingkungan sekitar dengan menerapkan protokol kesehatan yang telah di terbitkan oleh pemerintah mari kita sehat gotong royong jaga sesama dengan patuhi aturan menuju indonesia sehat ayo adaptasi kebiasaan baru lirik nova aji music production saka n i gede astika vokal nova aji marsya kamilia,I
dia organik yaa utk yang lagi rajin jsr an ini cocok banget si di beberapa wilayah purbalingga memang banyak oetani gula jawa jadi insya allah ini produk bagus kemarin aku beli k utk gr dibeli yaaa kalo liat produk ini khususnya warga purbalingga,S
diam mungkin adalah jalan terbaik untuk ngerespon orang bodoh,S
dibikin enak aja,I
did i say something way too honest that made u run and hide like a scared lil boy,I
didepan timnas lg stretching palah salfok ke keren banget sii buleee ada juga,I
dih makanya kek bocah deh kamu sinisini aku bersihin,I
dihadapan hukum alam semua manusia adalah sama,I
dikejar ombak nambahin feed biar rada banyakan,C
dimana ada pertemuan pasti disitu juga pasti ada perpisahan buat temen temen seperjuangan semoga kelak kita bisa main kaya gini lagi yak,C
dinding batuan tempatnya unik dimana batu besar di pahat dipukuli bwt di ambil pecahan batuannya oleh pengrajin batu digunakan untuk bahan bangunan tp malah kelihatan bagus bekas pahatanya di samping ada air terjun mini juga d,C
dinyatakan lulus alhamdulillah paling serius latsar cpns golongan iii angkatan ccxv,C
dirgahayu indonesia ku merdekaaaa semoga warga indonesia dan sekitarnya dijauhkan dari wabah penyakit covid,C
dirgahayu republik indonesia ke,I
disini kami hanya keluarga yg senang berpergian kemanapun,I
disponsori oleh,C
ditelan deru kotamu,S
don t you worry don t be angry mending happy happy,I
dosen gak berangkat lagi,C
drama musikal hitam putih lasem hitam tetap hitam putih tetap putih tetapi percampuran warna memunculkan warna lain jangan sampai perbedaan menimbulkan perpecahan sabtu februari taman budaya yogyakarya team usher yuhuuu,C
dua puluh dua desember dua ribu sembilan belas pengen apload foto sendiri tp mukanya melas melas btw itu bukan pantun ya ehe,C
duduknya sendiri dulu nanti kalo di pelaminan yang penting ngga sendiri hiyaaa,C
dulu mah tomboy abis abis abisan ini tahun apa yak,C
dulu paling males kalo selesai sholat ied terus sungkeman soalnya gengsi kalo keliatan nangis ada yg gitu juga,S
dunia persahabatan lebih asyik dari pada dunia perbucinanmu,I
durinya bukan untuk menyakiti tapi melindungi diri jika tidak ingin disakiti jangan menyakiti,C
edisi foto kucel abisss abis nontn hihihi tt,C
edisi jalanjalan bareng,S
edisi koma pernah eksis di koma mei,S
edisi lebaran,C
edisi rombak knalpot punya balik lagi ke tempat nya bang endy gak cuman ngurus knalpot doi juga bikin custom body pake plat pas main ke sana juga lagi garap motor n lagi packing knalpot buat d kirim ke papua niiihh walaupun workshop nya kecil tapi ngebul teruss orderanya location endy knalpot purbalingga,C
edu fair pameran pendidikan,D
eko h fams,S
eksposur,S
emaknya nyengir anaknya ngalamun ke enakan makan sosis,S
enjoy the wonderful afternoon while breaking the fast with friends taken,S
entah apa yang merasukimu,I
entah apa yg sedang saya lihat saat itu,C
entah siapa yg kunanti,C
entahlah nemu daun beginian haha,C
es teross,C
ewangi mikir caption lur,D
februari negeri gajah putih,S
festival layang layang hari kedua,I
fikri alghozaly,S
first time univ amikom yk,D
flashback beberapa tahun yang lalu saat gue di bully sma mereka gara mabok,C
fokus pada layar,C
foto kemarin pas liburan bareng,C
foto lama dimodif pake filter yang ada,S
foto yang bener bener mahal bukan dari segi materi tpi seluruh elemen yg ada di frame,I
foto zaman kapan ini,D
fotografi model nama visq delica nim kelas s si model camera nikon d fstop f exposure time sec iso speed iso exposure bias step focal length mm max aperture matering mode pattern flash mode no flash mm focal length,S
ga ada expresinya,S
ga tau apa yang sedang di fikirkan,C
gagah sekali adek saya satu ini,D
gak kerasa udah banyak hal yang kita lewati hampir bulan ini,C
gak pakek caption gak papa,D
gamau dilan maunya dolan,S
gambar realis pertama ku beliau adalah seorang tokoh yang menginspirasi saya orang yang jujur mantan kepala sekolah sma n purbalingga bapak achmad khotib,D
game aja terus nyampe lupa kamu itu ga jomblo loh ada aku di sampingmu,S
ganteng yang mana,C
gausah ditanya lagi mikir,S
gaya lu amat sangatsangat biasa saja hahahaha,C
gedung,I
gelap gan cameranya,C
genggaman tangan mungil,C
gimana dek abang liatin gini gemetaran ngga,D
gimana rasanya kalo pas nyampe kelas begini terus v,C
gini nih kalo lagi selo bikin sesukanya makan sepuasnya haha,S
give me give me esemu mas,D
goes,I
good night,D
goodbye last year and welcome new year,D
gowes musiman,S
gregetan liat anak gak bisa akhirnya turun tangan maka jnagan bandingkan ue sama yg lain jelas kalah muda thanks yo yg mengadakan event kece kek gini,I
grombyang,S
groufie employe gathering,C
gua mah gini orangnya,S
habis renang langsung narcis hehehe,C
hadiah ulang tahun dari jogja bay terimakasih tiket gratisnyaa jogja bay,I
hadirnya selalu membuat tenang dan kepergiannya selalu mengajarkan apa itu kerinduan senja,C
haha,S
hahaha,D
hai apakabar teman disana semoga sehat semua sekarang kita menjalani waktu dengan kondisi kita masing masing tapi kita pernah punya kisah berasama semoga kenangan indah kita ga pernah terlupakan ya love atika lagu rindu solo,C
hai saya isa maydina dari smk negeri nusawungu dan saya siap untuk mengikuti insight mathematics competition stop dreaming start doing,I
hallo semuaaa,S
halo kaka salam pramuka,D
halo lagi nama saya rohmatul jannah ini saya pada acara seminar internasional iconprocs senang sekali rasanya bisa diberi kesempatan menjadi mc pada workshop manuscript coaching clinic seminar internasional uad jika teman berminat untuk menggunakan jasa saya bisa langsung kontak pada dm ins ram saya untuk lebih lanjut kalian bisa melihat highlights saya pada ins ram ini,C
halo nama saya rohmatul jannah ini saya ketika sedang di acara seminar internasional yang diadakan oleh komunitas psikologi uad yogyakarta pada tanggal februari lalu disamping saya adalah sebuah kebanggaan bagi kami terkhusus saya pribadi bisa menjadi mc pada acara tersebut kebetulan acara tersebut menggunakan bahasa inggris yang mana itu adalah salah satu keahlian saya saya juga adalah anggota vip uad jika kalian berminat menggunakan jasa saya bisa langsung kontak saya di dm ins ram,C
halo saya kang hye sun jangan lupa cobain nih ig filter telkomsel biar next time lo ke korea butuh nama samaran udah tau siapa namanya ga deng bercanda gue gini biar lo aja sih ok deh kok jadi panjang ya pokoknya cobain filternya upload ke ig stories mention dan gue ya kali aja kita jodoh dapet nama yang sama eh dulu deh biar lo update,C
halo nama saya rohmatul jannah ini saya ketika berkesempatan menjadi moderator seminar acara comday tahun lalu,D
handphone aja kalo sering dimainin jadi panas apalagi hati,S
hanya saja masih banyak yang tidak peduli akan kenyamanan orang lain,C
happy th anniversary papa mama terimakasih buat segalanya,S
happy birth day ponakan bude yang mungil sii dini puspitasari selalu dan makin tambah dewasa yaa ini acara nampaknya acara para couple dan hanya aku sendiri yang datang sendirian untungnya udah biasa mondar mandir kemana mana sendirian jadi tetep pede dan ga baper yang jelas ini adalah makan besar begitu saja nikmatin makananannya dan moment kumpul keluarganyaaaa dan terimakasih pakai banget sudah disuguhkan menu menu special ini aaaaah so sweet maka nikmat tuhan mu yang manakah yang kau dustakan,C
happy birthday ya mbak asisten dosen dilancarin skripsinya ya cepet kerja biar bisa jajanin adeknya ya ya mbaak,C
happy day,I
happy mothers day bubu thanks for everything,I
happy wedding arum selamat ya smga segera nyusul haha amin,C
happy wedding mba ulfi dan mas galang samawa amin,C
happyanniv sayang terimakasih sdh temani selama thn ini jangan bosan bosan yak,I
hari ini aku belajar dari senja bahwa yang indah akan datang dan hilang pada waktunya,I
hari kemenangan,C
hari yg menyenangkan langit cerah tanpa mendung sedikitpun jalanan lancar tanpa macet pantai kecil bernama nglambor ini sangatlah indah dan masih perawan dari pengunjung masih baru jalanan menuju kesana juga bebatuan terjal dan saya menikmati ini bersama sahabat,C
harry potter memang menyenangkan tapi harryharry bersamamu jauh lebih menyenangkan bukan,C
harus di tingkatkan lagi,D
hasil dari saking gak tau mau ngapain akhirnya beralih tangan ke keponakan tersayang,C
hasil jepretan adik adik solihah ldk dewantara muslim univ sarjanawiyata tamansiswa terimakasih semuanya alhamdulillah seneng banget bisa kumpul n belajar bareng makin semangat makin istiqomah yah aamiin semoga dilain kesempatan ketemu lagi,C
hasil jepretan dde sahila pinter dech dde,C
have you ever visited this place,I
hay pesek,D
hei kamu yang suka niruniruin ekspresi sama suara aku kalo aku lagi nangis kapan ngajak aku naik bianglala biar kita belajar bareng tentang hidup selalu berputar dan kebahagiaan yang telah dibagi secara adil,I
hello,S
hello calon papah,D
hello juni ayo tersenyumlah photo taken by,D
hello warga ins ram,C
here we are we are not couples because we are incomplete without when you go home bro we waiting for your attendance,I
hi everybody my name is kalea,D
hi kapan bisa liburan,D
hidup adalah perjalanan kesana kemari lombok praya,I
hidup adalah sebuah permainan mencoba bertahan mengikuti arah kemana roda berputar banyak trik yg bisa kita mainkan agar hidup lebih berkesan taken,I
hidup ini terlalu singkat untuk dibuat rumit ada saja yang membuat perasaan kita gundah gulana sedih kecewa marah dan sebagainya lebihlebih lagi bila kejenuhan hati sedang kita rasakan ada perkara dimana kita harus rehat sejenak menghirup udara segar sambil memejamkan mata dan menikmati angin berdesir yang akan membuat beban kita seolaholah terlepas banyak yang dapat kita hargai dari dalam diri kita tanpa perlu mendapat penghargaan dari orang lain kadangkala bukan suasana yang harus diganti tetapi rasa di dalam hati yang perlu kita perbaiki kita perlu bijak mengawal perasaan kita berfikiran logik dan tidak gegabah dalam bertindak jangan terlalu dibuai oleh perasaan berhentilah mengeluh dan bangkitlah semoga allah karuniakan kepada kita bahagia di dunia dan akhirat aamiin lebih ke nasihat untuk kegalauan dalam diri sendiri selamat libur akhir pekan,C
hidup ini yaaa perjuangan punya target masing kalo aku yaaa targetnya main trus,S
hidup ku jauh dari kata mewah kalau kalian lihat aku selalu senang itu karena aku tahu cara menikmati hidup,C
hijaunya,S
hiraishin no jutsu rep tak pindah mburi ngumah hahaha,D
hmmmm udah hari aja abah gak ada di rumah dulu sih balik ke rumah karna cuma tugas dinas dari kantor tapi ini dinas akhirat jadi gak bakal balik lagi tanggal april kemaren abah ulang tahun yg ke sedih kalo kebayang saat nikah nanti bukan abah yg jadi wali nya hal itu gak pernah terbayang sama sekali tapi itu akan terjadi hmm tapi gpp namanya juga sudah ketentuan allah mau gimana lagi i love u so much hirzi muttaqin abah ku tercinta,C
ho a ho e familove voice,C
humas nya laki semua,S
i say haaaaiiii hai to you haaaaaiii september ^^,D
i want ice cream dad,C
ice cream,S
ihhhh malu yeee,D
ijinkanlah aku untuk slalu pulang lagi,S
ikut ikutan post v,I
ilmu tentang mendengarkan kadang kala ringan dilisankan namun tak semudah ketika dipraktikkan terutama ilmu tentang mendengarkan curhat darimu mungkin kami butuh khursus ato mungkin kurikulum khusus,I
im ready for my fun,I
imajinasi luar biasa,I
imajinasi yg menghanyutkan,S
impian hanya menjadi mimpi jika impian itu tidak kamu visualisasikan biarkan orang lain menganggapmu sebagai pemimpi tapi ada saatnya kita lah impian mereka fotografer pribadi tapi boleh sih kalo maksa buat di sewa jasanya,C
impian itu memanggil ku aku harus bangkit dan bertindak,C
indahnya kebersamaan,D
ingat kelak kita bakal di tanya bagaimana kita menghabiskan masa muda dulu byk hal yg berfaedah ato malah kemaksiatan yg kita tabung,C
ini acara lamaran calonnya mana jawab ga ada,C
ini baru yang di namain hidup kaya main ludo,C
ini duluuu dulu banget sewaktu kemana mana masih pakai sepeda ungu rindu kalian rindu sepeda ungu jugaaa,C
ini lah sebuah potret yang menggambarkan kebahagiaan tak perlu dengan kemewah foto yang penuh kenangan dan gelak canda yang tak bisa terulang kembali,C
ini mengasyikan menemukan diri kita pada tubuh orang lain,C
ini minuman lho,C
ini sebuah hiperbola bahwa samudera sejatinnya tak akan pernah bisa mengering,C
ini tim kita bro kenalin,S
ini twins lg dimana ya,D
inilah aku dengan semua kekurangan dan kelebihan aku sebagai seorang manusia dan aku tidak peduli dengan semua yang mereka katakan tentang aku karena aku hanya tau hal aku hidup tidak pernah merugikan mereka aku bisa bertahan hidup bukan karena mereka cherish those who hate you because he is an admire who has spent his time only to see each iniquities,I
inspirasi keluarga indonesia jangan lupa dengerin ya guys di mqfm,I
iri dan dengki cuma menghabiskan waktu hidup yang kamu miliki so buang jauhjauh kebencian supaya hidup lebih bahagia kadang diam adalah jawaban kadang diam adalah solusi,S
it nya koma nih,S
iya ini kami,I
jadi abang kapan nglamar adek,C
jadi sayang enggak nb bongkar foto lama,C
jadilah diri sendiri,S
jadilah legenda sid situasi kala pandemi ini menantang kita sebagai anak muda yg memiliki banyak kemampuan untuk berkreasi secara kreatif dan inovatif agar tetap produktif hari kemerdekaan yg ditunggu tunggu ini akan memberikan kesan yg berbeda cukup gerak gerik saja yang terkunci tapi tidak dengan semangat dan cinta akan negara kita tidak perlu menunggu dan menyalahkan keadaan melainkan maju untuk menjadi tonggak perubahan karena kita adalah pemuda dan pemudi yang selalu memimpikan lomba cover lagu nasionalisme nama isa maydina aulia nurafina xii akuntansi cr proklamasi https www ins ram com p bx mcc gqll igshid cf fbhl me,I
jadilah orang yang baik baik bagi diri sendiri dan bagi orang lain,C
jadilah pemilih cerdas dan berkualitas jangan golput pilih bupati wakil bupati sesuai hati nurani cc,D
jadilah seperti kopi yang tetap dicintai tanpa harus menyembunyikan pahitnya diri,C
jaga dirimu agar selalu optimis agar kau bisa memandang segala sesuatu dengan positif,C
jakarta undercover,D
jalan jalan men biar nggantengmu nambah % hahaha,I
jalan untuk memahami seseorang salah satunya melalui pendengaran karena setiap manusia punya banyak cerita dan setiap cerita ada rasa,I
jangan ada rasan rasan diantara kita,C
jangan datang jika hanya sesaat jangan singgah jika hanya menyakitkan pulihkan yang duka sembuhkan yang luka script vo talent music waktu yang salah,I
jangan di geser ntr nyesel,I
jangan hanya merasakan semangat kemerdekaan di medsos saja tetapi juga dalam hati kita tentu harus terus berkobar semangat mengisi kemerdekaan dirgahayu republik indonesia dirgahayu indonesiaku,C
jangan jadikan kekuranganmu menjadi penghambat dalam kesuksesanmu,S
jangan lelah menunggu karena bahagia tak pernah bosan menunggu kita,C
jangan lihat seberapa bagus nilai yg kita dapat menghargai proses itu lebih penting untuk mendapat hasil yg kita mau dan kita inginkan terima kasih untuk waktu yg kalian luangkan terima kasih untuk canda tawa kalian terima kasih masih diberi kesempatan untuk berkarya bersama,C
jangan lupa bersyukur,I
jangan lupa makan,I
jangan mengambil apapun selain gambar jangan membunuh apapun selain waktu dan jangan rindu siapapun selain aku xixixi puncak songolikur,I
jangan pandang rendah diri orang lain mana tau dia lebih tinggi dari pada dirimu,C
jangan repost repost itu berat nanti ada yang marah,I
janji km manis kek takjil,D
jatimpark,C
jepretan sore ini alhmdulillah masih diberi selamat sampai saat ini thank you allah,C
jerawat nih ganggu ya sial,C
jgn salfok sama jariku yg lucu ya,C
jika kamu setuju terbit dan tenggelamnya matahari itu indah maka jangan pernah mengeluh akan teriknya matahari,C
jika kereta senja utama ini senja purnama catet,C
jika pertemuan diikuti dgn perpisahan aku harap kesedihan akan dihadiahi dgn kebahagiaan aku percaya itu,C
jika senang jangn terlalu,C
jika senyum itu ibadah baiklah,C
jiwa ini sehat tanpa narkoba,D
judule kumpul bareng,S
jum at barokah,S
jumat berkah semoga tetap terjaga terus seperti ini ya,C
junior,S
just simple thing to make laugh,I
kadang kadang sih gitu nggk tau kenapa,C
kaka ade jerene,C
kakiku yg mana,D
kalau jalannya cuma lurus dan mulus apa tantangannya destinasi yg hebat akan butuh perjuangan yg hebat fiersa besari,S
kalau kata si gajah sih we only live once but if we do it right once is enough,S
kalian berdua adalah surga dunia yang sebenarnya dan nyata terimakasih mama ayah,S
kalian cuman satu nih aku empat ngga kebayang kan bahagianya ya walaupun masih ada yang kurang,C
kalian pernah ga pas lagi ga pernah jadi pernah,S
kalo benci sama saya jangan terlalu diumbar kan malu kalo tibatiba butuh wkwkwkwk gunung songolikur,I
kalo bikin teh mending gausah pake gula,C
kalo dihujat jangan ngegas ya gaes keep calm aja because tiap hujatan pasti ada makanan dan minuman bahkan ada orkesan juga v,I
kalo kamu maunya sama yang cantik gakuku ganana gue yang cuma cewek biasa biasa gini bisa apa coba,S
kalo keberaten bawa bas nya ta bantuin la haha,I
kalo tahun kemarin liburan ke jogja tahun ini kita memutuskan untuk liburan ke jepara dina selain deket irit ongkos juga aja pdhl mah pada lagi bokek jadi throwback terakhir main ke rumah dina pas masih sekolah sma sama orang ini juga dan beberapa orng yg gak ada di inframe ketemu lama cuma bisa per semester libur kuliah terimakasih tuan rumah sudah mau direpotkan jangan kapok ya din,C
kalo yang ini eo koma,S
kamar gua sudah kaya ruang tamu beresin iya,C
kami tidak libur untuk anda,I
kamu segalanya dan segalanya karna kamu aku kuat,C
kamu seperti senja terasa menyenangkan namun tak bertahan lama,I
kamu terlahir orisinil jangan mati meniru orang mason masingmasing orang terlahir unik dan berbedabeda bahkan bisa dibilang orisinil tapi ketika beranjak dewasa banyak yang justru ingin terlihat seperti orang lain berusaha menirukan banyak hal yang dilakukan orang lain atm tiru modifikasi,I
kanca lahir kanca ngaji kanca tk kanca sd kanca smp kanca smk kanca ngumah seduluran selawase,S
kangan ya aku yang paling depan kalo dicari,I
kangen liat ada yg angler di korsi belakang hihihi,I
kangen piknik sama bung bung,D
kangen tribun kangen liat aksi orang orang hebat di lapangan hijau wait semoga biisa ikut ramaikan stadion dan itu harus ikut,I
kapan diajak lagi,S
kapan lageeee halan beb,D
kapan lagi coba makan jajanan alun alun sama minum dawet ayuu,C
kapan nambah anggota barunya kapan nih kapann,C
karena hidup banyak rasa kopi good day punya banyak rasa untuk harimu tapi aku sukanya teh tarik hehe,C
karena mereka berdualah yang bisa membuat aku jadi tukang poto,I
karena meski lagi ada acara keluarga tugas tetep kudu digarap yo ra lur,S
karena teman adalah tempat kita untuk saling berbagi dan bercerita in frame mua karo dresscode dewe studio foto,S
karna berbicara di depan umum tidaklah mudah apalagi bicara nanti didepan penghulu so kudu latihan dlu ya,C
karna hasil akhir tidak akan menghianati usaha,C
karnaval ini mengingatkanku masa lalu,C
kata mama banyak teman itu baik,S
katanya sih ini legendaris,I
katanya sih mata bisa berbicara,C
kau mengeluh akan hujan yang menahan gerak sementara di tempat lain orang orang meminta air lebih buas dari rindu sebatas jarak,C
kau tidak diciptakan untuk sendirian dan aku tidak datang ke bumi ini untuk mencintai yang lain caption make up,I
ke ilmuan divisi ke ilmu divisi paling boros lihat sendiri orang nya paling bnyak,C
keadaan kamar anak kost,I
kebaikan itu seperti senja di sore hari dia akan munjul dan akan hilang lagi,C
kebenaran takkan mati,C
kecil bareng bareng selama tahun sekarang kumpul udah jadi cewe cewe beranjak dewasa dengan tingkah kekanak kanakan dan dengan segala kelabilannya untuk minggu bahagianya kawan hikmah yang bisa kita ambil adalah jangan menyepelekan pelanggan selalu ramah dan sopan saat memberikan pelayanan ciahahaha,C
kegiatanku selama magang ya gini haha hihi doang ga kerasa h banget mau kelar ya udah jadi temen partner sambat haha hihi,C
kelakuane bocah nakal sing difoto hal aneh,S
keluaraga yg lagi di landa ke miskinan menirama subangan dalam bentuk apapun,C
keluarga besar h jiman,I
keluarga di malang sehidup sesurgaa amin,C
keluarga rohis smk negeri palangkaraya yang belum dapat juara jangan berkecil hati pasti masih ada kesempatan mengukir prestasi dikemudian hari silau men,I
kemarin main ke toko roti selera purbalingga nemu ada gula aren organik ngga ngeh ternyata buatan purbalingga dong ayok dibeli dibeli,S
kembali jadi cowo panggilan,I
kenang kenangan asc kalteng bersama teman teman peserta lomba kategori web desain,C
kenapa karena belum mandi,I
kenapa harus takut gelap kalau ada hal indah yang hanya bisa dilihat sewaktu gelap,I
kerjain hari ini besok rebahan,S
kesepian,I
ke ihan hehe,C
ketemu senior lama kangen judule,D
ketika aku terus berjalan menyusuri sudut kota semua menjadi ceritaku,C
ketika jalan yang ingin dilalui tertutup cobalah membuka jalan yang baru atau melewati jalan yang lain beh bagus bet caption,I
ketika jarak dan waktu yg menjadi penghalang untuk melihatmu mungkin hanya coretan pena yg dapat mengungkapkan perasaan rindu sembari menunggu kabar yg tak kunjung datang ich vermisse dich sehr,C
ketika kami ada di dalamnya taken,I
ketika manusia ditekan di luar batas kewajaran maka insting pertama adalah memberontak,C
ketika terdengar kalimat saya terima mua,C
ketua wakil sekertaris bendahara inventaris koma,S
ki demang toyareka,S
kiri masih punya andeng kanan sudah dihempas,C
kisah klasikkuuu,I
kita + kamu keluarga,I
kita bahagia kok liat aja senyumya,S
kita bersama untuk saling menguatkan klaten,D
kita keluarga akan kujaga kalian berdua,C
kita masih anak sekolahhh,I
kita nggak kembar tapi kita sama sama dari banjar say cheese keju ehh,I
kita pasti bisa wujufkan mimpi kita bila kita bersama dan tak kenal menyerah kita pasti bisa wujudkan mimpi kita berdiri di tempat yang tertinggi menggapai matahari jika kesuksesan layaknya sinar matahari dan kegagalan layaknya rintik hujan kita butuh keduanya agar di dalam usaha kita terdapat pelangi indah bangkit gapai masa depan we are not the best but bismillah we want to try to be better than othres ok,C
kita punya cara untuk membangun negeri ini asalkan itu positif jangan saling menyalahkan,I
kita tahu harus bilang apa dalam doa mudah mudahan sederhana semoga pikiran kami terus melangit dengan hati tetap membumi,C
kita terlalu sibuk menginginkan dan mengejar yang besar tanpa menyadari bahwa kehidupan ini dibangun dari hal hal kecil yang dilakukan dengan kesungguhan besar,C
kok jauh jauhan,D
kok udah gede sayang ami bentar lagi bulan yah a,C
kolang kaling di dinding diam diam menggantung,C
komaaaa selalu di hati selalu dinanti happy birthday,D
komunikasi adalah puncak tertinggi dalam hirarki hubungan,I
konco kentel,D
kondangan bareng mak e el,S
kondangan ketemu kanca lawas,S
kudunya hari ini udah lesson,C
kurang gawean,D
kurang lebihnya satu tahunan yg lalu bareng sm pas baru aja kena tilangan ntah kenapa tahun kuliah disini gak pernah dicegat sama polisi sekalinya dicegat dan kena tilang malah lagi bawa motor orang main kesini buat pertama kalinya at semarang contemporary art gallery,C
kutasari agst tetap semangat,C
lagi gabisa ngapa ngapain cuma meratapi project yang belum juga selesai deadline jiwanya pengen ngerjain tapi raga lagi gak kuat terimakasih untuk tokoh satu ini yang selalu menyemangati semoga lekas pulih dan kembali bergelut dengan project dan deadline,C
lagi gandrung sama awalnya gara insom parah tidur jam set pagi jam udh bangun setelah ngedifuse pakek oil ini terutama yang citronella langsung relaaxxx blesek jam udh bobo bangun seger belum coba yang varian deep sleep lagi order nih love produk lokal,C
lagi kereta an ini tiga gadis kecil,C
lagi menatap apa coba,C
lagi ngapain coba,C
lagi ngetrend selfi bareng mereka hahaha,I
lagi suka sama ngefans terus ngedengerin lagunya ana guerra yg baru te amooo iseng aja bikin kartunnya kali aja di repost sama artisnya kan lumayan bikin seneng yak,S
lain syakartum laadziidannakum jika kamu bersyukur pasti kami akan menambah kepadamu ibrahim,I
lakilaki yang seumur hidupnya hidup untuk mencintaiku lakilaki yang seumur hidupnya hidup untuk membahagiakanku lakilaki yang seumur hidupnya hidup untuk memberikan segala yang terbaik untukku ayah begitu aku memanggilmu maha baik tuhan dia memberiku lakilaki berhati malaikat meski tak memiliki sayap meski tak memiliki kelebihan yang hebat namun dalam hal membahagiakan aku ia lebih dari kata sempurna loveyoudad,I
lakukan dg cara mu sendiri maka kau akan mengetahui hal awal proses dan akhir seburuk apapun hasilmu kau akan bangga dengan hasilmu sendiri a good principle in my life,C
lama gak buka aplikasi evenbrite tiba sudah berubah tampilannya lebih segar dan personal jd tambah betah nyawang lama,C
lama gak kesini,C
lama gak kumpul main bola,C
langit langit semu,D
langit mulai usang rasa belum usai,I
las vegas bebas,S
laut laut laut melaut,I
ldr lelah dilatih rindu,C
lebih baik ngaca sendiri dulu daripada disuruh ngaca sama orang lain,S
lebih nyaman pake jepit kemanamana wkwk,S
lebih semangat nabung lagi,D
lestarikan hewan seperti lestarikan rasa sayang ke manusia punya karya jangan di simpen aja di sini nih tempat buat menampung karya kalian submit karya kalian di tebas,D
let s be realistic,I
let s eat this kind of food again,I
let s start,I
let s take a break,S
let s take a break,S
liat jodoh dulu sapa tau udah deket,S
libur telah tiba hatiku gembira,C
lihat kedepan perjalanan masih panjang dan terjal mari kita lewati bersama,I
little hidden heaven,C
love your self hijab outfit catalulla soft olive,I
lucu kalo inget foto ini gendut eh skrng dah jd om sm tante hehhehe semoga sukses semuanya amiin,I
lulusnya th lalu cap jarinya baru sekarangg,C
maaf jaarang ngasih kata kata soalnya laagi sibuk di dunia nyata,D
maaf lahir dan batin,I
maap yah aku banyak kurangnya ngga kaya dia,I
maen ampe hampir jatuh lucunya kamu dek,C
main ke rumah annelies tapi ga ketemu orangnya ya udah deh jadi fotofoto di rumah tetangganya difoto,I
makam persiden ri ke,S
makan selai campur sagu okay ditunggu,D
makanlah yang menyatukan kita karena kita nasionalisme,D
makasih kejutannya semoga bisa menjadi manusia yg selalu lebih baik langgeng yaa sama kammuu,C
makasih loh buat yang menyempatkan nge ak biar anti mainstream ak mulai dr urutan aja ya hahaha my name is janti rohmiyatun biasa dipanggil janti janti itu nama salah satu jembatan layang di jogja entah mengapa dan ada angin apa orang tua ak milih nama buat anaknya ini smp sekarang gak tau kalo ibu ibu atau bapak bapak red orang jadul suka manggil ak yanti bukan janti yaah namanya jg orang jadul ejaan j dibaca y gpp deh maklum pny pacar pertama umur ahahaha nah skrg udh pacar kedua smga langgeng smp nikah smp kakek nenek namanya artha sugandhy orang palembang yg kejawajawaan kuliah taun kurang di uny prodi pendidikan ipa sebelum kuliah di jogja sempet nyoba daftar ipdn smp x tp ttp gagal jg mewekt t lahir bulan januari klo pacar ak bilang janti itu singkatan dr januari yg dinanti ahahah pemakan segala alias apa aja doyan asal makanan blm basi dan kadaluarsa makannya jg porsi kuli hihi suka bgt makan pedes meskipun akhir ini dimarahin mas gandhy gara makan pedesnya berlebihan kalo bersin dikiranya bersin dibuat padahal bersin asli suer deh pd bilang sih klo ak lg bersin ky lg slow motion berasa kya di pilm ahihihi bukan gak suka kucing cm geli aja sm bulunya ibu udah meninggal sjak th i miss u mom ak orangnya hemat hemat pangkal kaya amin meskipun dr jurusan pendidikan smp sekarang blm tertarik buat ngajar entah mengapa mgkn bkn passion gueh aaak makanya smp skrg msh pengacara banyak acara hihihi doain cpet dpt kerjaan yah amin tipe orang yg susah move on punya boneka segede orang yang aku namain sugi pd bingung waktu ak namain boneka beruang ungu pke nama sugi katanya sih aneh dan gak bagus tp menurut ak bagus aja tuh p paling gak suka dicuekin harus selalu dikasih perhatian pgn kerja di bank soalnya mbak mbak di bank cantik sapa tau abis kerja di bank nambah cantik p ak sangat menyayangi keluarga ku ibu bapak sidik dan mba arum love them so much sekian dan terima kasih,S
makin gede kok makin gak mirip sama ni poto,S
makrab informatika walopun gk ikut semua alhamdulillah berjalan lancar kelas ini tolong jangan di pisah lagi indrayanti gunung kidul yogyakarta,S
mama tau apa yang lala rasain emang gitu kalau masih bayi la jadi konten mamanya,S
mamah cpt to papi dah laper bet nieh,I
mantau,C
mari berkenalan dengan keluarga kecil kami d,I
mari berkumpul selagi ada waktu,D
mari berproses bersama,C
mari ingat kembali,C
mari menari project bareng,I
mari ngopi mari bercanda mari tertawa menurut kalian nikmatin kopi paling enak kalo pas apa sih difotoin dikaosin digelasin,I
mari perbanyak amal di dibulan puasa,C
marilah seluruh rakyat indonesia arahkan pandanganmu ke depan,D
masa masa maba,D
masamasa hamil,S
mashaallah walaupun pindah tempat tidak menurunkan semangat ukhuwah islamiah saudara saudari sekalian rela hanya mendengar suara ustadz dari luar masjid tidak bisa melihat secara langsung hanya melihat melalui layar lcd semoga allah pererat persaudaraan kita sampai di akhirat kelak aamiin sedulur saklawase,C
masih sampe sekarang itung bisa nyanyi bareng via online ya kan wkwkw maapin,S
masih banyak keindahan dari negeri ini yg layak kita jelajahi salah satunya adalah wisata air terjun yg mengalir menuju pantai disini juga bisa untuk ngecamp guys air terjun pantai jogan terletak di deretan pantai siung,I
masih di ibu kota,C
masih di semarang contemporary art gallery,C
masih edisi blonteng blonteng,C
masih inget banget dulu aku benci banget sama dia gara pengaruh temen yg emang benci sama dia iri sama dia dan jadi keikut karena emang labil banget but idk why one day aku diajak ngobrol sama dia dan kita punya hal hal yg sama kesukaan dengan warna pink suka foto hobi dan kebiasaan kadang sama ini yg bikin aku nyaman bgt bersahabat dengan ini yang bikin aku buka mata kalo kita ga boleh judge orang dengan katanya,S
masih kuat kan puasanya,C
masih menghitung sampai bisa membahagiakan orang lain terima kasih untuk kalian semua,C
masih saya liatin loh sampe tengeng ini kepala,C
masih saya pantau sampai saat ini belum ada kejelasannya,I
masih terbaring dan belajar nanti pada saatnya juga akan bangun dan sukses comeback is real,C
masihkah kalian mengingat namanya disela kesibukan dunia ini taktala ramadhan adalah bulan yang tepat untuk kembali mendekatkan diri kepadanya,C
masik proses,C
masuk shift malam monitoring lawang sewu hahaha,I
masya allah tabarakallah ayah akmal aku nangis karena ayah gak bisa ngeluarin susu,C
masyaallah tabarakallah bahagianya jadi seorang ibu adalah melihat anak yang dilahirkannya tumbuh sehat dan pintar semoga tumbuh jadi anak yang sholehah ya nak aamiin,C
mau give away permasalahan hidup,I
mau liat kabut eh ngga lewat ternyata,C
mau,D
mayan dpt background bagus di food court kampus,C
mb linda biung tanty,C
me,S
mekar bunga si buah naga,C
mekar di kebun belakang,C
melangkah lebih jauh dari biasanya hujan dan rindu,C
memandang indahmu cerah,S
memasak itu harus jika kamu sedang berupaya meningkatkan ketahanan keuangan keluarga,C
memiliki segalanya tidak membuatmu istimewa tapi memiliki seseorang yang menilaimu lebih dari segalanya itu yang akan membuatmu terasa istimewa,I
memories of bali,C
mencintaimu dengan santai tapi serius,I
mencoba perlahan,I
menepi sebelum tersapu kenangan,C
menerawang indahnya malam melihat jalan susu dan bintang,C
mengalah bukan selalu berarti kalah kadang itu tanda bahwa kita cukup dewasa untuk membiarkan orang lain bahagia,C
mengalah bukan selalu berarti kalah kadang itu tanda bahwa kita cukup dewasa untuk membiarkan orang lain bahagia,C
menganti beach km from jogja istimewa taken,I
mengawali pagi dg secangkir kopi dan roti panggang nyammm nyamm selamat hari rabu selamat mengawali harimu,C
mengenal sejarah,S
mengertilah tuan tidak ada cela untuk sekalipun aku tak lagi ada dalam cintamu namun tuan rasa rapuh tak hanya ada di setiap sudut kataku tapi juga hatiku,C
mengisi waktu luang walaupun tidak shining shimmering splendid,C
meninggalkan jejak moment paling bnyak tawa dan terbahagia sepanjang,S
mentari pagi,C
menu favorit saya,I
menulis tak harus bagus yang penting bisa dibaca sama halnya dengan manusia tak perlu sempurna yang penting bisa berguna bagi sesama,C
menunggu gelap kota yogyakarta,S
menunggu part ii semoga pandemi ini cepat berlalu dan semua manusia di bumi ini bisa melakukan aktifitasnya,C
menunggumu disini rm,S
menutup mulut agar tidak gibah kecuali diajak,I
mereka adalah anak yang kutemui kemarin sejauh tujuan yang mereka cari tetaplah senja menuntun keduannya untuk kembali pulang,I
mereka adalah segalanya,C
mereka adalah wanita hebat dan luar biasa terimakasih selalu ada dgn ku,C
mereka yang selalu ada saat suka dan duka,C
merinding terharu bahagia melihat pemandangan seperti ini,I
merindukan liburan,C
meskipun lagi dinas selfie gak bole ketinggalan,I
minal aidzin chuy,S
minal aidzin walfaidzin,I
mingguan di kutabawa,D
mingguannya twins di kutabawa,I
mingguannya twins,I
mingguannya twins,I
minggunya bersama twinsku,C
miniaturnya bos bisa request warna tulisan foto variasi lampu atau remot juga ada wa,C
mirip enggak,D
miss you,S
mo sedikit share kuliner di kebumen nih ada tempat tongkrongan baru saya yg kudet haha namanya juiceku tempatnya di seberang pom bensin wonoyoso agak ke timur sedikit jus bisa d bilang lengkap makanan ringan sama berat tersedia jus campur campur juga ada hehe so buat kawula muda kebumen nih kalo mau nongkrong sambil minum jus biar sehat haha bisa mampir ke juiceku # up juiceku,C
mohon maaf lahir batin,I
momen langka ketika jakarta sepi awal psbb bulan april jalanan jakarta yang selalu padat mendadak lengang langitnya biru dan bersih kadang gunung masih nampak di kejauhan tak penah terjadi selain di libur lebaran sejak new normal ketenangan hanya tinggal kenangan semoga tetap sehat ya jakarta spark,C
mon maaf emg suka ga nyante mukanya,S
motor tua menolak punah,C
mugo wong urip ning dunyo iso koyo kuwi kabeh amiin,D
muhammal akmal purnata,S
muka lelah abis pelatihan,S
mukanye si jawa jawa gtu tp ngomongnya alay hap alay hap neng song si apalah gua juga gak ngerti ngerti banget,C
mumpung libur ngumpul dulu meski kurang satu orang,S
mundur,S
mungkin pindah ke mars lebih baik,C
mutualism circle stmm jcm burjo hotography,I
my brother mirip iyaa kan satu cetakan,D
my families in malang thk for your support i love you more,C
my family,I
my gendut,S
my graduation,S
my hungry dad v,I
my lovely mom,I
my new snowy owl,D
myien anaknya temen adeeva jasmine nickolan lengkapnya | anaknya sendiri kapan | ya nanti bentaran,C
naik naik puncak gunung mager mager sekali,C
nalashea nanem bunga di kepala,C
namanya amira ponakan kesekian umur lupa haha,S
nambah galeri sama eksis dulu oke lah ya,D
namun aku jatuh hati kosankustik,I
naskah udah siap dr kmrn sabar ya nunggu pengujinya cepetan nge fix in jadwal ujian,C
need piknik,D
nemuin saksi bisu psu waktu lagi nyari laprak alpro hayo ngaku dulu siapa yang nulis ini wkwkwkwk,D
ngabuburit di sawah bareng bapak dan mbah,I
ngalas tilik tandursn pada garing ora dilebleb ora ana udan,D
ngamen yg penuh dengan cerita baru tau ternyata jazz bisa juga bikin penonton adu jotos tapi tetap asoy geboy,D
ngeliatin kakakkakak yang malam mingguan cuman rebahan doang hahahaha,I
ngemong rogo hasil dari kolaborasi kami saat pandemi di moment of hope yang diselenggarakan oleh cerita grafis animasi,I
ngga nyangka nemu beginian disini,C
ngopi dulu biar gak panik gegara kujanan,C
niatnya sii joging tapi % nya foto dasar aku,S
nikmatin sunset atopun sunrise emang gak ada puas nya selalu punya keinginan buat punya momen yang lebih dari yang udahudah kayak ini nih nyoba nyari sunset di tebing keraton bandung happy satnite,D
nikmatmu tidak akan pernah hilang selama rasa syukur kau jadikan kebiasaan,D
no captions,D
no nobody but me can keep me safe and i m on my way,C
nongki biar kek orang,I
nongkrong dengan cb d,I
nonton film perdanaku yo rek,S
nonton koboi,D
ntah,D
numpang foto sama piala wkwk,D
nunggoni dulur ketemu gede lagi dieksekusi d,S
nur ayoo foto bareng we ayo ayo ( dah pasang gaya gaya andalan umat laki dah keluar yaitu nur do ngopo we iki videos yo ( disitulahh saya merasa pengen moles nii anak,S
nusanswara part done mari kita buat dispensasi selanjutnya ges penak to entuk sangu tapi ratau melu pelajaran pokok e hu hu huwaw sak polll e,S
nyaman banget deh diajakin poto lebaran calon model nih,C
nyari musuh itu gampang nyari kamunya yang susah,I
nyatanya kamu menyadarkan malaikat tak selalu bersayap,C
nyebur ke kali yuk shot on dji spark,D
obat penghilang jenuh nih,S
oh gini ya rasa hangatnya matahari di pagi hari,C
ohayou my old guitar,I
ohayou saturday,D
ok jadi ceritanya ini rama ga bisa masuk ins ram yg lama itu gatau kenapa udah ga bisa di pake jadi beralih dari nol lagi ke ig yg ini semoga aja ig yg baru mendatangkan hal baru yg lebih berfaedah,C
oke jangan dilihat,S
om bagas salam dr twins baek di bandung ya,S
ooh oh siapa dia ku terpesona,C
ooo my god bikin sop ayam dan ini terenak yg pernah aku makan resepnya dari cookpad sop ayam pak min yang paling atas ini resepnya seriusan enaak rasa kuahnya mirip banget sama kuah sop kaki kambing,C
paginya di lembang,C
pak bu seandainya kalian tau betapa sulitnya aku untuk meraih mimpi betapa berat yang ku lalui do a kalianlah yang membuatku bertahan sampai saat ini terimakasih bapak ibu panjang umur ya sampai aku sukses di suatu saat nanti,I
palem,S
paling ga bisa bergaya kalo dfoto tu,I
pantai menganti the hidden paradise,S
para pejuang matrikulasi yang antara nugas sama piknik cuma beda tipis,C
partner dolan mbak kos tersayang,S
patokanku bukan nomina,I
peda an yok,D
pegang tanganku dan jangan terlalu erat karena aku selalu mengiringi,C
pejamkan lah matamu sejenak dan rasakan betapa indahnya hidup ini jika kita selalu bersyukur pulau panjang jepara,C
pelatihan dcs siemens,S
pemalang,S
penderitaan ialah kesempatan menilai diri apakah iman kita murni dan bernilai tinggi,C
pengen deh hilang beberapa saat lalu kembali dengan keadaan yang berbeda,I
pengenalan dan pengertian sejauh itulah penyembahan versi kita selamat malam,C
penikmat proses,C
penuh perjuangan buat kesini,S
perbaiki hatimu dan hatimu akan memperbaiki pikiranmu dan pikiranmu akan memperbaiki lidahmu dan lidahmu akan memperbaiki hidupmu dan hidupmu akan memperbaiki akhiratmu,D
perbatasan kalteng kalsel,S
percaya diri adalah rahasia pertama dari sukses,S
percayalah rencana allah lebih indah,C
perfect people aren t real and real people aren t perfect,I
perjalanan baru pengalaman baru,I
perjalanan mencari jati diri mencari siapa kita sesungguhnya mencari apa maunya kita hidup bukanlah tujuan hidup adalah perjalanan,I
pernah dikasih wejangan ini sesibuk apapun km dalam organisasi bisnis hobi ataupun kuliah ibumu tetap prioritas utama utamakan dia selamat hari ibu untuk semua ibu yg ada di dunia terutama ibu saya,C
pernah jadi yang paling cemas sebelum menjadi yang paling ihlas,I
perpisahan bukan awal kehancuran melainkan suatu proses kesuksesan,S
pesawat cureng jasanya luar biasa,D
photo studio dulu ah di iron throne,D
piknik pinggir jalan,D
pilih diam ditempat atau tetap melangkah,C
pokoknya kalo sama abi mamah jatuh cintanya berkali kali,S
politeknik negeri cilacap jte squad,I
pose bareng canggah uyut en aung kartadiwirya,S
poto di pantai lagi,I
praktikum sistem kendali pengaturan suhu menggunakan kontroler propotional,C
pratin serang mencoba menghibur diri,I
pria tanpa visi bagai kompas tanpa jarum penunjuk dia tak tau kemana dia harus pergi hidupnya akan selalu terombangambing dan mudah goyah,C
proses gagal biasa harus mencoba dan mencoba,I
pulang ke kotamu,S
pulang ke rumah yang lama tak dijamah kembali berlatih walau tertatihtatih tirtaseta s wet house desa onje purbalingga,C
pulang sekolah minta ayunan dlu,S
pulau opak kepulauan seribu a m camp dipinggir laut pas buka mata langsung laut,I
puncak adalah bonus kembali dengan selamat adalah tujuan utama,I
puncak hanyalah bonus,D
punya lipstick cuman warna rasanya gak mungkin deh kenapa karena hanya dengan warna lipstick bisa banget bikin tampilan bener bener bedaaa seperti foto aku make up tanpa bulu mata palsu highlight countur it s ok asalkan lipstick on point bahkan ketika baru bangun tidur sekalipun mau jajan ke minimarket cuman pakai lipstick udh kelihatan fresh seger dan cantik sepenting itu lipstick buat aku wish me luck yuk ikutan giveawainya cc,C
pusing mikir caption mending mikirin kamu hiyaaaa,C
pusing mikir caption yowis turu wae penak,S
rasakan sensasinya hidup gak selalu sama gak melulu dibawah roda berputar bersyukurlah,D
rebo kamis jumat sabtu minggu,C
recomended untuk nongkrong senin malam nih,I
rehat dlu bntar ndan,S
rehat sejenak menikmati nuansa alami d,I
rejeki anak soleh dapet bingkisan akhir tahun makasih ini yang ngasih,C
rekoleksi katekis bersama romo fx sukendar,C
rencana kadang tak beriring dengan hasilnya tetap istiqomah yes,C
rendang pizza with pepperoni,D
renungan untuk semuanya,D
resepsi rama n detty semoga menjadi keluarga yg sakinah mawadah wa rahmah,D
reuni ke tempat yang tak pernah menjemput ku untuk datang tapi selalu memanggil ku untuk kembali masih ada rasa taken,I
reuni pt udm hehe,S
rindu,C
rindu acara,C
rindu rindu sepi,C
rindu kapan lagi ketinggalan yang nyanyi,C
rinduuu piknik sangaattt hayookklaahh kapak korona kelaarrr blouse n skirt,D
ritme waktu yang berjalan lambat akan membuat kita menikmati hidup yang telah tuhan anugerahkan dan kesederhanaan akan membuat kita menjadi manusia yang lebih bisa bersyukur lebih akrab dengan alam dan seluruh ciptaan nya meski in frame settingan,C
ritual sebelum wisuda but faillll,C
rose,C
rukun selalu ya twins ku,D
rukun ya twins,D
rutinitas tugas final project dasi kemeja bentrok jadwal kupu kupu,C
saat ini waktunya kita liburan dirumah aja mantab direkam dan disulap oleh,I
saat kau tak lihat lagi matahari terbit dari sebelah timur sesungguhnya kau adalah orang yang merugi maka bersyukurlah dari setiap detik yang kita punya dan manfaatkanlah untuk beribadah sebaik dan sebnyak mungkin sesungguhnya allah maha melihat setiap apapun yang kita perbuat,C
saat mengikuti sejumlah lomba dalam rangka maulid nabi muhammad saw h sman palangkaraya,I
saat tampil dalam kunjungan persahabatan sma negeri katingan hilir ke smk negeri palangkaraya alhamdulillah acara nya sukses,C
sabar semua butuh proses bukan,C
sabrina aja tau aa nya ini ganteng,I
sadar broo akan tulisan ni klo loe muncak bkn skedar buat gaya an alay,S
sakinah mawaddah warohmah doa yg selalu kupanjatkan,C
sakit dalam perjuangan itu hanya sementara namun jika menyerah rasa sakit itu akan terasa selamanya indonesia ku,C
sakit gigi tidak menghalangi niat untuk bahagiakan istri sedikit refreshing setelah berhari menjalani rutinitas,C
salah satu video rahasia kita pah haha jangan bilang mama yaa nnti dimarahin tp ujung nya ketahuan haha tp liat muka papa seneng banget padahal cuma beli pancingan doang wkwk btw happy birthday pah tua boleh jelek jangan oke,I
salah satu yg istimewa dari jalan kemaren ya ini dapet temen baru yg nyambut pas dateng nemenin nungguin di pantai sampe kita pergi dari yg takut deket sampe terbiasa makan bareng dia dari yg ngusir sampe ngasih makan haha dasar monyet,I
salah shampo deh kayaknya,C
salam dari utk,C
samawa sayangkuh yg tomboy akhirnya ketemua juga sama yg bisa ngatasin tomboy nya kamu,C
sambutan untuk mahasiswa baeu teknik elektronika politeknik negeri cilacap,D
sampai ke atas dong saking penuhnya syahdu ya sholat berjamaah dibawah sinar rembulan,I
sarapan,I
sarapan,I
sari gandum pagi pagi biar gk panik,C
sariayu grup,C
satu babak baru,I
satu dua baca koran besok kita udah lebaran,C
satu dua burung hantu udah membusuk di rumah aku tu,I
satu senyuman bisa membuat beberapa orang tersenyum dan beberapa senyuman itu bisa membuat ratusan orang tersenyum,C
saya agak lupa anak ini tadi nyari apa sejenis pongpongan tapi bukan,I
saya akan memanfaatkan akun ig ini untuk merangkum bukubuku yg saya anggap menarik setiap bab akan dibuat dalam satu halaman maksimal dua halaman temanteman yg sibuk agar tetap bisa membaca biar saya yang kerjaannya gak banyak yg merangkum ini buku yg menarik simpel tapi bagus percakapan dua orang saja antara filsuf dan anak muda bagi yg berminat untuk diskusi bisa coment atau dm mungkin ada materi yg kurang jelas untuk kedepannya yes,C
saya cuma mau nyawang aja,D
saya suka kesempatan dalam kesempitan ini,I
sayang kpn km foto sama ak di sini cepet pulang yaa di sini ak kangen nungguin km,S
sayangnya langit kmaren nalam tk secerah yang d harapkan,D
sebab piknik tidak boleh keteteran,S
sebagai orang tua terlebih sebagai ibu saya juga sedang belajar bagaimana triknya agar tidak rebutan lipstick nanti sama lala ini yang namanya perjuangan aku pasti bisa,C
sebagian besar perkantoran yang selama ini menjalankan kerja dari rumah atau work from home juga akan mulai melakukan penerapan kerja di kantor kembali namun kembali bekerja di kantor saat ini tentu saja berbeda dengan bekerja di kantor seperti kondisi sebelum adanya wabah covid melihat pemandangan,C
sebagian dari buku baru,C
sebelum ini kita nyasar nyasar dulu haha,I
sebelum seminar selfie dlu pancen ibu,I
sebelum sholat jumat,C
sebelum tdur upload dlu hihihi,I
sebelum tidur mari baca al kahfi nya duluuu yang sedang menghafal kesempatan buat murajaah,C
sebenere malu tapi yaudah gimana lagi,I
sebentar balik ke lapanbelas suasana jalan raya waktu adha suka,I
seberat apapun harimu jangan pernah biarkan seseorang membuatmu merasa bahwa kamu tak pantas mendapat apa yang kamu inginkan,C
sedih itu ketika pasti gak bisa foto kayak gini bareng mereka karena habis takbiran pasti sung gas k madiun kluwer,C
sedikit demi sedikit asal konsisten,C
see you again x cagak nagreg masih inget kan scene fenomenal ff nah sekarang udah ada filternya divideo ini ff sedang syuting di cagak nagreg kalo orang bandung sekitarnya yang suka ke tasik garut pasti tau jalan ini temen kalian yang sering lewat sini,I
sego pecel rasa puncak,D
sehari semalam menjadi putri mba ir,S
sehat terus ya nak harus jdi anak yg kuat,I
sehidup sesyurgaa,S
seiring besi berkarat cahaya memudar waktu terus berjalan,C
sejauh apapun kalian pergi sebanyak apapun kalian mendapat teman baru teman dekat tetapi aku yakin di hati kecil kalian pasti merindukan kebersamaan seperti ini pesan mba jangan pernah sedikitpun melupakan orang yang pernah berjuang bersama kalian iringi langkah kalian dengan ilmu agama ya sayang,C
sejenak melepas rindu semua kelihatan bahagia saat masih bisa berkumpul walaupun cuma segini tapi alhamdulillah kami semua masih bisa di pertemukan sampai jumpa dilain waktu kawan mudah mudahan bisa bikin acara kaya gini lagi,C
sekali sekali foto bareng adek,C
sekalisekali upload yg cantik lah yaa make up an dikit kek hahahaha,I
sekali akur lah sama ni anak gak pada julid ok,D
sekalikali bw,D
sekedar mengingatkan mati bisa kapan aja saat kebelet pun bisa mati judul sering ghibah di toilet seorang wanita mati kelilipan petir saat kebelet buat cerita azab versi lo sendiri ya dan kasih judul yang absurd juga,C
selalu dapet kabut kalo kesini,C
selalu setiap malam <,D
selama corona sawah adalah salah satu tempat yg cocok untuk berfoto,I
selamat bertambah umur orang paling baik panjang umur sehat selalu semakin lancar rejekinya diberi kemudahan dalam segala hal apapun yg di inginkan dan yg paling penting semoga langgeng sama bg javar sampe kakek nenek nnti aamiinnnnnn,S
selamat bertambah umur syanteeknya akuuu,I
selamat datang atau selamat jalan ini baru titik awal perjalanan masih jauh tak akan pernah ku hentikan langkahku yang sudah ku mulai ini,C
selamat hari ayah,C
selamat hari raya idhul fitri semua,S
selamat hari raya idul fitri h,C
selamat jalan,C
selamat lebaran h,C
selamat malam yuk diorder vexelnya vexel itu apa ini nih yang wajahnya jadi versi kartun bisa order wpap juga lo sablon di baju juga boleh yang berminat boleh pm atau wa di to untuk orderannya ditunggu orderan selanjutnya,C
selamat natal kalian semua dan semangat melayani untuk tuhan,C
selamat natal untukmu yang tersayang terus bersama untuk kita yang lebih baik ya sayangku tuhan memberkati,S
selamat natal dari perantauan yang gak pulang kampung,C
selamat pagi eh selamat malaaam sehari semalam bersama gamaliel liat aja mukanya kusemkusem semua,S
selamat pagi apakah hidupmu masih berkelokkelok,D
selamat pagi,C
selesai sudah uas p sistem kendali,C
selfie dlu twins,I
selfie of the day thanx for giving,I
selingan saat udah mulai jenuh ngorekorek soal kalkulus,C
semakin cerdas manusia semakin susah diatur jangan sampai,I
semangat berkarya yok,S
semangat besok gajian walaupun dihadang ihan,C
semangat pagi sehat berkah sukses selalu kasep mungkin hari ini terakhir kali kami mendengar sapaan khas beliau dikarenakan esok beliau sudah tidak bekerja di menara ini atas kebijakan dari perusahaan jazakallah khair pak khoirudin sukses sukses selalu,I
semangat rabu jangan lama lama tanggal nya yaaa,C
semangatku kebanggaanku sumber kebahagiaanku lovelovelove,S
semarang,S
sembari menikmati dini hari masak sahur di gunung prau di temenin bintang sama bulan sabit bisa lebih menikmati suasana tenteram di gunung prau yang lagi sepi pengunjung di saat momen puasa seperti ini calm and beauty,C
sementara harus kerja dari rumah dulu cari tempat yang nyaman untuk tetap produktif bekerja misalnya seperti duduk di depan rumah sambil lihat padi di sawah,I
semesta punya banyak cara untuk buat kita bahagia,S
semifinal all england open,D
seminyak telon cap tiga anak wangine wangi bayi,C
semoga ada cinta sekuat habibie,D
semoga desiran angin senja ini membawa rindu sampai ke tujuannya,C
semoga istiqomah,C
semoga sampai tua semoga selamanya,C
semoga selalu berprestasi ya nak,I
semoga selalu dalam lindungan allah selalu di beri kesehatan kemudan serta kelancaran dan kehalalan amiin,C
semua hilang,D
semua orang hanya tau saat aku tersenyum tanpa ada masalah tapi kalian tau apa yang sebenarnya aku sembunyikan dengan senyuman itu,C
semua terekam tak pernah mati,S
senam dlu sebelum berenang,S
senandung pagi di saat matahari mengintip dari kejauhan sinarnya menyelimuti awan bak deluxe single bed bintang niat berjumpa denganmu walau wajah tak bertatap ataupun ingin satu atap apalah asap yang keluar dari mulut kalau berbicara saja tidak a s a p terima kasih kamu semoga ada kabar yang membawa cerita menyenangkan esok,C
senang punya teman yang hidup dengan kesederhanaan v,I
sendiri,C
sendirian aja sis nunggu siapa nunggu kepastian jeng ga datang xb,I
sengaja di tengah pintu biar kamu ga bisa masuk,I
senja di kala itu,I
senja adalah waktu perantara terang dan petang tuhan tidak memberikan banyak waktu untuk senja karena senja adalah pengingat malam kan datang dan waktunya pulang,I
senyum lebar jonesss,C
senyumin aja,S
seperti ini,I
seperti ini,I
serasa jadi tante tante sosialita,D
sering kali apa yang kita takutkan belum tentu terjadi ketakutan kita membatasi gerak langkah untuk terus mencoba maju apakah ketakutan bisa merubah siuasi menjadi lebih baik belajar percaya dan tetap tenang walau kadang takut itu muncul hanya lewat sebentar rasanya,I
sering kali ku berfikir apa jadinya kita tanpa persahabatan,C
serupa tapi tak sama,I
sesekali coba keluar dari dinding metropolis kuta belakang discovery,C
setahun lebih sudah kita bersama,C
setelah loyang brownies apel strudel super jumbo dan juga cracking donat beberapa waktu lalu sore ini dibikinin pasta carbonara creamy sauce dengan bumbu cinta super lezat oleh bumil cantik jazakillah khair calon bundanya anak anakuuuuh,C
setelah tahun nunggu juara akhir nya anak moyet juara juga hahaha selamat aang hindrawan yang juara,C
setelah berabad abad gak ketemu akhir nya ketemu juga sampek lupa nama dan rupa,I
setelah kangen sm suasana gunung sekarang tinggal pantai ujung nya cuma bisa duduk manis di deket kali samping rumah sambil liatin foto pantai,I
setiap kegagalan membawa satu benih kesuksesan xa,S
setiap orang mempunyai kesalahan besar di hidupnya tapi tuhan selalu memberikan kesempatan kedua untuk berubah menjadi lebih baik kenapa kita yang manusia susah memberikan kesempatan kedua untuk sesama manusia,C
setiap perjalanan akan memiliki ceritanya masingmasing setiap cerita tak ada yg tak dituliskan oleh tuhan dalam lauhul mahfudznya sekecil apapun itu tugas kita sebagai manusia hanyalah bersujud dan bersyukur mampukah kita taken,C
setiap pertemuan pasti ada perpisahan groufie dulu buat kenangan,C
setiap tempat mempunyai cerita masingmasing termasuk di sini rumah tua,C
setidaknya bisa membuat merasa sedikit enakan,C
setidaknya bisa merasakan liburan sehari saja sudah cukup,C
setinggi langit sedalam samudra setelah sulit pasti ada bahagia taken,S
shakila n k gayanya,S
si ganteng dan si cantik ga terima sini komen,C
si kecil selalu ikut ga mau kalah sama emaknya icha,D
siapsiap kena sensor ini pohon kelapa mau bayar uang kos dan regis kalo pulang ke bali,C
sidang thesis januari,C
sini duduk disebelah ku,I
skensacoustic,S
slimming tea roti gandum bakar hanya sebuah pencitraan,I
sobat oke banget oke meskipun mereka bau dan gak pernah gosok gigi,C
solid terus wan kawan take by,I
sore di alun bandung,C
sorenya bareng dede naura,C
soto wonosari,S
squad bontang full team pulau beras basah perjalanan dari darat menggunakan kapal kurang lebih satu jam untuk sampai ke pulau beras basah pulau kecil nan mungil tapi indah bisa dikelilingi dengan berjalan kaki kurang lebih setengah jam disini kita bisa bermain bana boat spead boat dan boat boat lainyya kalau hari libur dalam perjalanan kita jumpai patung merlion pabrik pt badak kilang minyak pertamina dan biawak yang sedang mencari jodoh berenang sendirian di tengah laut juli,I
squad,I
story of us,I
suara milik bersama wohoo,I
sudah siang saatnya menghela napas lalu berkata panas banget ya amplop,C
sudahkah alamat kode pos ditulis lengkap,D
sudahkah kita mengenakan kaos kaki keluar rumah selalu ada yang bertanya begini ke saya mbak ribet banget si setiap keluar selalu pake kaos kaki dulu lama sempat bingung jawabnya kalau dijwab dear kaki cantikmu juga aurat loh hmmmm takutnya salah jawab saya cuma bisa jawab biar terlindung dari sengatan matahari cinta nanti belang pake aja kaos kaki biar ga jadi belang biar tetep syantiiiiik naaaah spontan dia liat kakinya eh bener juga sambil liat liatin kakinya tanpa saya meminta keesokan harinya dia sudah pkai kaos kaki dengan motif unyu unyunya alhamdulillah cintaa kaki cantikmu juga aurat lo sama seperti bagian tubuh yang lainnya kaarena seluruh tubuh wanita adalah aurat jadi harus ditutup dengan sempurna biasanya kita paling malas banget pake kaos kaki ketika mau membeli sesuatu di dekat rumah bener apa bener iya memang tapi apa boleh buat kalau yang datang kerumah bukan mahram aja kita juga hrus menutup aurat secara full masa keluar rumah ngga dipake yaa kaos kaki nya biar makin cantik,C
sunday,C
sunday morning in soedirman,D
sungguh menyenangkan ketika aku lupa semua tanggal ulang tahun termasuk ulang tahunku sendiri untuk mengetahui bahwa seseorang mengingatku untuk menghargai setiap kehidupan selalu bersyukur apa yang telah kita lakukan semakin banyak kita bersyukur semakin banyak hal dalam hidup untuk dirayakan tuhan memberikan hadiah berupa kehidupan terserah kita memberi hadiah untuk diri sendiri hidup yang baik bertambah tua itu pasti tapi dewasa itu pilihan berusaha dan berdoa memohon sebuah harapan semoga kelak engkau berikan terimakasih untuk keluarga sahabat teman yang udah kasih doa dan minta traktiran,C
sunset di tanah anarki,I
suntikan semangat hari ini,I
sunyi sepi sejenak menepi,C
sweet heart you are more than we ever expected and better than we ever imagined,D
tahun llu lek,S
tak ada tempat yang lebih indah untuk berlari selain alam,I
tak sawang sawang kowe ganteng tenan,C
takan tergantikan,S
taken lupa ternyata taken,S
taman sari ngayogyakarta hadiningrat,C
tarek mas,D
tarik lebih dalam hembuskan perlahan,I
tatap mata saya tatap mata saya dalam hitungan ke kamu akan jatuh dalam pelukan saya iyaa kamu,C
team baru,C
team kompor,C
team rusuh,S
team sariayu,C
telatpost saya beruntung bertemu kalian informatika,S
teman sambat skripsi,C
teman sekaligus guru q wkwkwk,I
teman teman asc kalteng kategori web desain,C
teman yang asikk,I
teman yg pas disaat hujannn yeayy,C
temanggung sore ini,D
temen baru tiap pagi,C
temen sarapan pagi ini minjem sih babe sendiri masa gaboleh wkwkkwk,I
temen sedari kecil,C
temen tidur,C
tempat nongkrong kami memang tempat biasa tapi ada satu hal yang tak semua orang bisa memilikinya yaitu kenangan termanis yang pernah kami alami dan dapat kami ingat bersama sama,I
tempat terasik di pagi hari sambil ngeliat luasnya waduk gajah mungkur dari pinggir jalan,S
tentangmu semoga jadi ilmu yang bermanfaat jadi lebih baik,D
ter,S
terakhir kumpulkumpul bareng sambil nunggu pengumuman libur karena corona awalnya excited ternyata terlalu lama,I
terbanglah sang naga,C
terharu liat begitu banyaaak umat muslim dari berbagai daerah berkumpul jadi satu di,C
terima kasih semester,C
terimakaaasih sudah maen ke jogja,S
terimakasih banyak terutama pak agung dan pak legowo sudah mau menjadi narasumber saya dan diberi kesempatan untuk bisa datang di kantor gubernur bidang layanan teknologi informatika dan juga ngobrol mengenai pelayanan wifi gratis jogja istimewa banyak masyakarat ataupun wisatawan yang belum tau bahwa di jogja sudah ada layanan wifi gratis yang diberikan oleh diskominfo diy mungkin memang belum keseluruhan wilayah bisa dijangkau dan akses layanan wifi jogja istimewa ini tapi sudah banyak ruang terbuka publik seperti contohnya malioboro kalian bisa loh pakai layanan wifi gratis jogja istimewa ini caranya kalian tinggal hubungkan wifi jogja istimewa setelah itu masuk ke alamat web dan klik lanjutkan udah deh langsung bisa pakai sepuas kalian pastikan gunakan layanan free wifi ini untuk hal yang positif ya tementemen,I
terimakasih banyak untuk semua doanya with selamat tambah tua mbak raisa cantikkk semoga tambah sukses tambah semua yang baikbaik pokoknya muaaaaaaaaahh cepetcepet skripsi ya mba maaf td gk bisa ikut dateng acaranya huhu baru ada kuota huu muaaaah,C
terimakasih banyak udah bantuin ngamen kali ini semoga gak kapok ya,D
terimakasih lelakiku semoga menjadi imam yang baik untuk keluarga ini menjadi pria yg selalu sabar menjadi seorang pribadi yg lebih baik dalam segala hal,S
terimakasih tuhan kami telah dibangunkan pagi ini dan menikmati indahnya matahari,C
terimakasih ya adek adek buat kemaren,I
terimakasih ya allah atas karunia anak lakilaki yg sehat dan sempurna kepada kami mei dev shakeel al qarizh bb kg tb cm makasih buat onty mama onty onty yg udah jenguk kemarin kasih kado,I
terjebak diantara dua pasangan,S
terkadang hal terbaik terjadi secara kebetulan bukan karena perencanaan lokasi tebing breksi #,I
terkadang kamu berusaha menghindari sesuatu bukan berarti kamu membencinya kamu menginginkannya tapi kamu tahu bahwa itu salah,I
terlalu manis untuk dilupakan,D
terlihat bahagia sekali kita sis,C
terrrsayangkuhh,S
tersenyum lah dengan jari,C
tersisa kita ditahun ini happy eid mubarak,S
tertawalah bersama sahabat karena hidupmu tidak harus selalu tentang pacar terimakasih buat late surprisenya terimakasih buat bahagia bahagia yang tercipta malam ini ciwiciwiku semoga kita tetep bisa sama sama terus bahagia terus sampai maut memisahkan personil kurang lengkap nih ayok kapan pulkumpul bareng lagi,C
teruntuk orang orang yang niat nyuri helm,C
tetao semangat meraih kemeangan hut ri ke,I
tetap ikhlas menerangi walau blackout sedang dialami,C
tetap konpak ya,D
tetap menjadi candu bagi semua kaum indahmu nyamanmu segalanya adonara,S
tetap pantau pergerakannya jangan sampai lengah dan terus berhati hati dalam melangkah prambanan,C
tetap selow santai bentar lg liburan datang,I
tetep ceria,C
thank you,D
thank you all,D
thank you let s go there again someday,C
thankiss hello kitty melati harum mewangi sepanjang hari yg menghiasi penutup hari ini ailovyuuuu,D
thanks allah,I
thanks mom love you,I
throwback ceritanya lagi liat bidadari lewat haha,C
tiap beli sunlight pasti selalu ada tulisan sobek disini padahal piring kotor dirumah semua apa bener kalo nyobek diwarungnya bakal dibantuin nyuci piring sama yg punya warung hmm mm mmm tetep auto singing,C
tibatiba saja di kelimutu,C
tidak ada kesamaan lain diantara kami selain samasama wanita lahir ditahun yang berbeda besar di keluarga berbeda kesukaan dan sifat yang juga berbeda tapi satu alasan yang membuat kita sama kita adalah teman teman yang merasakan sakit dan kebahagiaan yang sama,C
tidak ada orang paling menderita melebihi orang yang tumbuh tidak menjadi dirinya sendiri tumbuh tidak menjadi jasadnya sendiri dan tidak menjadi pikirannya sendiri angelo battero,C
tidak ada yang dapat mendewasakan seseorang lebih cepat daripada menjadi orang tua,C
tim cewe eh ada lakinya ding latepos,S
tinggal kenangan lalu,C
today,I
together,S
tolong bilangin sama masmas yg pakai kacamata aku love banget sama dia terus lipstick wardah aku yang nomer abis dah gitu aja,C
training motivasi se jawatengah martha tilaar group,C
transisi,D
tunggu aku di puncak,I
tunjukkan aku cara mencintaimu dengan baik dan benar akan aku tunjukkan pula bagaimana caranya bahagia,C
twins dah bisa menghafal pancasila,I
twins dulu en sekarang,C
twins ku,I
twins lg exion,I
twins foto bersama dipaud,I
twins seneng bnget pake seragam olah raga,C
twins,I
twins asyik bermain,I
twins bangun tidur langsung nyanyi garuda pancasila,S
twins en tanci,I
twins hbs mandi sore,S
twins lg bergaya,I
twins lg kondangan,C
twins lg naik kereta,C
twins rebutan makan sriping pisang asyiik bnget ya,C
twins,I
twins mandi bareng,I
twins,I
twins,I
twins foto bareng upin ipin,I
twins bergaya di hal baldes meri,D
twinss seneng bnget dpt seragam paud,I
twuns seneng bnget makan es cream,C
ubah kebencian menjadi kekuatan menjadi prestasi yang akan membuat mereka yang membencimu menyesali sikapnya,C
udah pada gede ya twins,C
udah pada kangen belom hehe,C
udu babeku v ndesedition,S
unduh mantu agustus bukan sekedar sahabat tetapi sudah menjadi saudara sahabatan kalo dihitung kurang lebih tahun umur dimana kalo dibandingkan anak seusia itu seperti anak smp dimana umur persahabatan yg dulu masih bermain mulai beranjak dewasa dan mempunyai target yang berbeda beda sukses buat kita semua,C
untuk kesekian kalinya di tinggal mamsky papsky holiday dan aku cuma suruh jaga rumah oke fine happy holiday mamsky papsky have fun,I
vit sea,S
wa suka heran ma anak jaman sekarang napa pas ujan yang di inget kenangan bukannya jemuran hmm,C
waktu ituu repost ya foto udah jaman kapan ini haha,C
waktu masih kuruss d,C
waktu membantu memahami segalanya,C
walopun gak dapet doorprize setidaknya dapet sehat,C
wanita lebih suka mengabdi pada kekinian dan gentar pada ketuaan pramoedya ananta toer bumi manusia,D
warnanya suka bngt,C
we are young we run free,I
we read to know we are not alone taken,S
weekend di kaligua,D
welcome party rmasuk semoga tahun kedepan keluar juga baru semangat baru,C
where are you,S
wisuda its,C
working and touring,I
ya seperti itu,I
yakin nih ga baper liatnya di hari spesial kalian kaya gini rias pengantin,C
yakum fams,I
yakum sister,C
yang bikin kangen itu perjalanan nya bukan puncak nya akar argopiloso,I
yang cantik ada yang sok cantik banyak yang sok ganteng apalagi sok manis lebih banyak yang penting kita ngga muna,S
yang kanan dah punya suami yang kiri dah punya anak dan besok pengen makan bakso,C
yang katanya wanita terbentuk dari tulang rusuk lakilaki,I
yang suka ngilang dapet salam dari diriku yang suka rindu ini aseek sendirian tapi romantis kan,S
yang tadi gak ada om biel,C
yang tak kau jadikan rusuk jangan kau jadikan rusak,D
yaudah iyaa,S
yg gak penting mah sekarang harus di hempas kan,C
yg ter,S
yogyakarta meninggalkanmu takkan pernah mudah,S
yomans crew,C
you are my everything,S
zuzur pengen banget deh malem minggu kek gini ke warmindo or burjo gitu jadi inget postingan ini deh spesial nostalgia jaman magang kemarin,C
semua orang akan datang ketika kamu memiliki segalanya,I
berusaha untuk mencoba,I
senja jadi kenangan,C
gini amat buat konten wkwkwk,C
dilarang mencintai yang lain cintai aku saja hahaha putri halu,D
pergi hilang danlupakan,C
angan lupa senyum buat hari ini yah,C
jarak mengajarkanku untuk kuat meski rindu membuatku sekarat,S
terkadang apa yang kita sia siakan dan abaikan adalah sesuatu hal yang orang lain cita citakan dan impikan,C
